{
	"start":	{
		"connected":	[{
				"socket":	5,
				"local_host":	"192.168.65.209",
				"local_port":	39872,
				"remote_host":	"192.168.65.247",
				"remote_port":	5201
			}],
		"version":	"iperf 3.6",
		"system_info":	"Linux shifty-raspotify 5.10.103-v7+ #1529 SMP Tue Mar 8 12:21:37 GMT 2022 armv7l",
		"timestamp":	{
			"time":	"Tue, 18 Feb 2025 16:17:41 GMT",
			"timesecs":	1739895461
		},
		"connecting_to":	{
			"host":	"192.168.65.247",
			"port":	5201
		},
		"cookie":	"fhcnk44v5yzahfnce26z3aai6lt3az4bkrxv",
		"tcp_mss_default":	1448,
		"sock_bufsize":	0,
		"sndbuf_actual":	16384,
		"rcvbuf_actual":	131072,
		"test_start":	{
			"protocol":	"TCP",
			"num_streams":	1,
			"blksize":	131072,
			"omit":	0,
			"duration":	30,
			"bytes":	0,
			"blocks":	0,
			"reverse":	0,
			"tos":	0
		}
	},
	"intervals":	[{
			"streams":	[{
					"socket":	5,
					"start":	0,
					"end":	1.0001299381256104,
					"seconds":	1.0001299381256104,
					"bytes":	10833328,
					"bits_per_second":	86655364.164406389,
					"retransmits":	183,
					"snd_cwnd":	757304,
					"rtt":	41666,
					"rttvar":	7360,
					"pmtu":	1500,
					"omitted":	false
				}],
			"sum":	{
				"start":	0,
				"end":	1.0001299381256104,
				"seconds":	1.0001299381256104,
				"bytes":	10833328,
				"bits_per_second":	86655364.164406389,
				"retransmits":	183,
				"omitted":	false
			}
		}, {
			"streams":	[{
					"socket":	5,
					"start":	1.0001299381256104,
					"end":	2.0001289844512939,
					"seconds":	0.99999904632568359,
					"bytes":	11345360,
					"bits_per_second":	90762966.558310091,
					"retransmits":	0,
					"snd_cwnd":	864456,
					"rtt":	48748,
					"rttvar":	12087,
					"pmtu":	1500,
					"omitted":	false
				}],
			"sum":	{
				"start":	1.0001299381256104,
				"end":	2.0001289844512939,
				"seconds":	0.99999904632568359,
				"bytes":	11345360,
				"bits_per_second":	90762966.558310091,
				"retransmits":	0,
				"omitted":	false
			}
		}, {
			"streams":	[{
					"socket":	5,
					"start":	2.0001289844512939,
					"end":	3.0002188682556152,
					"seconds":	1.0000898838043213,
					"bytes":	10004560,
					"bits_per_second":	80029286.663257584,
					"retransmits":	0,
					"snd_cwnd":	935408,
					"rtt":	42257,
					"rttvar":	6497,
					"pmtu":	1500,
					"omitted":	false
				}],
			"sum":	{
				"start":	2.0001289844512939,
				"end":	3.0002188682556152,
				"seconds":	1.0000898838043213,
				"bytes":	10004560,
				"bits_per_second":	80029286.663257584,
				"retransmits":	0,
				"omitted":	false
			}
		}, {
			"streams":	[{
					"socket":	5,
					"start":	3.0002188682556152,
					"end":	4.0002179145812988,
					"seconds":	0.99999904632568359,
					"bytes":	10751400,
					"bits_per_second":	86011282.0267506,
					"retransmits":	0,
					"snd_cwnd":	993328,
					"rtt":	42874,
					"rttvar":	11099,
					"pmtu":	1500,
					"omitted":	false
				}],
			"sum":	{
				"start":	3.0002188682556152,
				"end":	4.0002179145812988,
				"seconds":	0.99999904632568359,
				"bytes":	10751400,
				"bits_per_second":	86011282.0267506,
				"retransmits":	0,
				"omitted":	false
			}
		}, {
			"streams":	[{
					"socket":	5,
					"start":	4.0002179145812988,
					"end":	5.0001339912414551,
					"seconds":	0.99991607666015625,
					"bytes":	11628560,
					"bits_per_second":	93036287.916008577,
					"retransmits":	18,
					"snd_cwnd":	312768,
					"rtt":	64974,
					"rttvar":	16546,
					"pmtu":	1500,
					"omitted":	false
				}],
			"sum":	{
				"start":	4.0002179145812988,
				"end":	5.0001339912414551,
				"seconds":	0.99991607666015625,
				"bytes":	11628560,
				"bits_per_second":	93036287.916008577,
				"retransmits":	18,
				"omitted":	false
			}
		}, {
			"streams":	[{
					"socket":	5,
					"start":	5.0001339912414551,
					"end":	6.0001568794250488,
					"seconds":	1.0000228881835938,
					"bytes":	7731480,
					"bits_per_second":	61850424.356131986,
					"retransmits":	267,
					"snd_cwnd":	543000,
					"rtt":	38321,
					"rttvar":	5996,
					"pmtu":	1500,
					"omitted":	false
				}],
			"sum":	{
				"start":	5.0001339912414551,
				"end":	6.0001568794250488,
				"seconds":	1.0000228881835938,
				"bytes":	7731480,
				"bits_per_second":	61850424.356131986,
				"retransmits":	267,
				"omitted":	false
			}
		}, {
			"streams":	[{
					"socket":	5,
					"start":	6.0001568794250488,
					"end":	7.0001308917999268,
					"seconds":	0.99997401237487793,
					"bytes":	11200000,
					"bits_per_second":	89602328.551724464,
					"retransmits":	0,
					"snd_cwnd":	582096,
					"rtt":	41410,
					"rttvar":	6934,
					"pmtu":	1500,
					"omitted":	false
				}],
			"sum":	{
				"start":	6.0001568794250488,
				"end":	7.0001308917999268,
				"seconds":	0.99997401237487793,
				"bytes":	11200000,
				"bits_per_second":	89602328.551724464,
				"retransmits":	0,
				"omitted":	false
			}
		}, {
			"streams":	[{
					"socket":	5,
					"start":	7.0001308917999268,
					"end":	8.000126838684082,
					"seconds":	0.99999594688415527,
					"bytes":	10099800,
					"bits_per_second":	80798727.4866026,
					"retransmits":	0,
					"snd_cwnd":	605264,
					"rtt":	39650,
					"rttvar":	7043,
					"pmtu":	1500,
					"omitted":	false
				}],
			"sum":	{
				"start":	7.0001308917999268,
				"end":	8.000126838684082,
				"seconds":	0.99999594688415527,
				"bytes":	10099800,
				"bits_per_second":	80798727.4866026,
				"retransmits":	0,
				"omitted":	false
			}
		}, {
			"streams":	[{
					"socket":	5,
					"start":	8.000126838684082,
					"end":	9.0001218318939209,
					"seconds":	0.99999499320983887,
					"bytes":	9839160,
					"bits_per_second":	78713674.102849051,
					"retransmits":	0,
					"snd_cwnd":	618296,
					"rtt":	37905,
					"rttvar":	6540,
					"pmtu":	1500,
					"omitted":	false
				}],
			"sum":	{
				"start":	8.000126838684082,
				"end":	9.0001218318939209,
				"seconds":	0.99999499320983887,
				"bytes":	9839160,
				"bits_per_second":	78713674.102849051,
				"retransmits":	0,
				"omitted":	false
			}
		}, {
			"streams":	[{
					"socket":	5,
					"start":	9.0001218318939209,
					"end":	10.000126838684082,
					"seconds":	1.0000050067901611,
					"bytes":	10881720,
					"bits_per_second":	87053324.142273188,
					"retransmits":	0,
					"snd_cwnd":	624088,
					"rtt":	31462,
					"rttvar":	6973,
					"pmtu":	1500,
					"omitted":	false
				}],
			"sum":	{
				"start":	9.0001218318939209,
				"end":	10.000126838684082,
				"seconds":	1.0000050067901611,
				"bytes":	10881720,
				"bits_per_second":	87053324.142273188,
				"retransmits":	0,
				"omitted":	false
			}
		}, {
			"streams":	[{
					"socket":	5,
					"start":	10.000126838684082,
					"end":	11.00012993812561,
					"seconds":	1.0000030994415283,
					"bytes":	9904320,
					"bits_per_second":	79234314.417875424,
					"retransmits":	0,
					"snd_cwnd":	624088,
					"rtt":	36980,
					"rttvar":	8979,
					"pmtu":	1500,
					"omitted":	false
				}],
			"sum":	{
				"start":	10.000126838684082,
				"end":	11.00012993812561,
				"seconds":	1.0000030994415283,
				"bytes":	9904320,
				"bits_per_second":	79234314.417875424,
				"retransmits":	0,
				"omitted":	false
			}
		}, {
			"streams":	[{
					"socket":	5,
					"start":	11.00012993812561,
					"end":	12.000126838684082,
					"seconds":	0.99999690055847168,
					"bytes":	11207520,
					"bits_per_second":	89660437.897284672,
					"retransmits":	0,
					"snd_cwnd":	624088,
					"rtt":	46786,
					"rttvar":	8534,
					"pmtu":	1500,
					"omitted":	false
				}],
			"sum":	{
				"start":	11.00012993812561,
				"end":	12.000126838684082,
				"seconds":	0.99999690055847168,
				"bytes":	11207520,
				"bits_per_second":	89660437.897284672,
				"retransmits":	0,
				"omitted":	false
			}
		}, {
			"streams":	[{
					"socket":	5,
					"start":	12.000126838684082,
					"end":	13.000120878219604,
					"seconds":	0.99999403953552246,
					"bytes":	9926880,
					"bits_per_second":	79415513.3533463,
					"retransmits":	0,
					"snd_cwnd":	626984,
					"rtt":	41725,
					"rttvar":	12212,
					"pmtu":	1500,